654.0366, 1868.3547, 24.1250
651.6249, 1868.2424, 24.1250
644.0344, 1867.9324, 24.1250
628.7921, 1867.3458, 24.1250
615.3603, 1867.0382, 24.1250
597.0666, 1867.0236, 24.1250
583.5851, 1867.3920, 24.1250
564.9957, 1868.4321, 28.1250
551.5268, 1869.5774, 28.1250
533.0047, 1871.7410, 28.1250
519.6411, 1873.7241, 28.1250
501.5079, 1877.0809, 27.9292
486.7638, 1879.8964, 26.2382
468.7124, 1883.5424, 24.1250
455.1096, 1887.1760, 24.1250
437.8745, 1892.8612, 24.1250
425.2116, 1897.6339, 24.1250
408.2875, 1904.6331, 24.1250
394.8107, 1910.6393, 24.1250
378.5714, 1918.3147, 24.1250
366.5303, 1924.4508, 24.1250
350.4735, 1933.5732, 24.1250
338.4844, 1940.6150, 24.1250
320.4955, 1947.6252, 24.1250
306.0363, 1951.6992, 24.1250
287.7419, 1955.4041, 24.1250
273.5545, 1959.7017, 24.1250
255.8752, 1967.6825, 24.1250
243.6444, 1974.6393, 24.1250
228.2360, 1986.7944, 24.1250
217.4639, 1998.1493, 24.1250
203.2155, 2012.1235, 24.1250
195.1275, 2020.9369, 24.1250
195.1253, 2031.1671, 24.1250
195.8379, 2047.5085, 24.1250
198.6285, 2061.8262, 24.1250
205.7275, 2080.4131, 24.1250
213.2237, 2094.0579, 24.1250
223.8038, 2109.4885, 24.1250
232.4141, 2120.2595, 24.1250
244.7262, 2133.7795, 24.1250
255.7526, 2143.9360, 24.1250
272.0959, 2155.0796, 24.1250
285.4605, 2161.9277, 24.1250
302.6809, 2168.8704, 24.1250
316.0510, 2173.4724, 24.1250
333.2300, 2182.5185, 24.1250
346.0373, 2191.1697, 24.1250
360.3643, 2202.4766, 24.1250
373.2570, 2209.9553, 24.1250
391.9639, 2216.6506, 24.1250
405.6505, 2220.0649, 24.1250
424.7029, 2225.6939, 24.1250
438.3377, 2231.5107, 28.1250
451.5254, 2238.3206, 28.1250
469.3267, 2246.3516, 28.1250
484.0360, 2250.7122, 28.1250
502.2283, 2254.3852, 28.1250
516.7789, 2256.2722, 28.1250
535.1514, 2257.7554, 27.9292
549.0057, 2258.7869, 26.4014
567.6054, 2261.0354, 24.1309
581.7672, 2265.1902, 24.1309
599.5016, 2272.2832, 24.1309
614.2864, 2277.1929, 24.1309
633.0334, 2281.1917, 24.1309
650.3038, 2283.3433, 24.1309
663.9081, 2284.2532, 24.1309
682.2906, 2284.7056, 24.1309
695.8251, 2284.5549, 24.1309
714.4217, 2283.2139, 24.1309
728.2854, 2281.3425, 24.1309
746.0778, 2278.1006, 24.1309
759.9037, 2275.0823, 24.1309
773.9261, 2271.6333, 24.1309
791.2715, 2266.8643, 24.1309
805.1058, 2262.5403, 24.1309
822.6953, 2256.3980, 28.1250
836.4969, 2251.1975, 28.1250
853.1746, 2244.5901, 28.1250
866.4934, 2239.0964, 28.1250
882.9980, 2232.1042, 28.1250
895.3682, 2226.8420, 28.1250
911.8613, 2219.8242, 28.1250
924.2315, 2214.5620, 28.1250
941.0359, 2207.4302, 27.6214
954.3478, 2201.8171, 25.4906
972.2123, 2196.3330, 24.1250
986.9687, 2194.7312, 24.1250
1005.3126, 2193.7803, 24.1250
1020.5946, 2190.1118, 24.1250
1038.8376, 2181.7405, 24.1250
1051.7417, 2173.6448, 24.1250
1067.8431, 2163.4900, 24.1250
1080.0077, 2157.0786, 24.1250
1096.4005, 2148.5464, 24.1250
1109.1675, 2139.6328, 24.1250
1123.3257, 2126.9961, 24.1250
1135.2425, 2114.2131, 24.1250
1136.8748, 2102.9946, 24.1250
1136.8748, 2085.1184, 24.1250
1136.6885, 2071.1103, 24.1250
1133.5270, 2051.8123, 24.1250
1126.8594, 2036.4092, 24.1250
1115.5891, 2019.4064, 24.1250
1105.7760, 2007.8292, 24.1250
1094.2213, 1993.0110, 24.1250
1086.2476, 1982.1680, 24.1250
1075.8427, 1967.5643, 24.1250
1067.9642, 1956.2775, 24.1250
1056.1429, 1941.7640, 24.1250
1044.4639, 1932.6239, 24.1250
1027.9176, 1922.4924, 24.1250
1014.5681, 1915.8800, 24.1250
997.7912, 1906.7480, 24.1250
985.9751, 1898.5603, 24.1250
971.4473, 1886.9691, 24.1250
961.0008, 1877.9481, 24.1250
944.5095, 1868.8071, 24.1250
929.5745, 1863.9426, 24.1250
911.1895, 1859.9728, 24.1250
897.5092, 1858.1216, 24.1250
879.0516, 1856.7367, 24.1250
864.4513, 1856.0546, 24.1250
845.4869, 1852.1936, 24.1250
832.3154, 1848.5105, 24.1250
814.6976, 1843.5472, 28.1250
799.0865, 1842.1337, 28.1250
779.8789, 1842.5253, 28.1250
766.1130, 1843.9086, 28.1250
747.9724, 1846.3778, 27.2972
733.0327, 1848.3870, 24.7414
713.4387, 1848.8751, 24.1250
698.9940, 1847.4921, 24.1250
680.6460, 1844.4642, 24.1250
666.9354, 1841.7920, 24.1250
647.5104, 1841.5482, 24.1250
633.0010, 1843.0723, 24.1250
617.6951, 1845.9025, 24.1250
600.0055, 1850.4269, 24.1250
585.2913, 1854.1899, 24.1250
565.8552, 1855.9663, 28.1250
551.9662, 1856.0604, 28.1250
533.1138, 1854.9862, 28.1250
518.8643, 1853.7012, 28.1250
499.4763, 1853.0231, 26.7976
484.6563, 1852.8971, 24.1250
464.3025, 1855.6321, 24.1250
450.6930, 1857.3063, 24.1250
432.4272, 1858.8203, 24.1250
418.6829, 1859.7046, 24.1250
403.9879, 1860.5825, 24.1250
386.0272, 1861.9697, 24.1250
368.6298, 1868.1075, 24.1250
356.3681, 1876.4108, 24.1250
340.9638, 1888.3766, 24.1250
328.9083, 1896.1570, 24.1250
312.8208, 1904.9669, 24.1250
299.7875, 1911.3093, 24.1250
283.3563, 1919.6619, 24.1250
271.4552, 1927.7472, 24.1250
262.2743, 1939.9529, 24.1250
254.9510, 1958.4960, 24.1250
251.5123, 1974.4329, 24.1250
249.2490, 1993.5469, 24.1250
246.5022, 2007.7527, 24.1250
241.6900, 2025.7252, 24.1250
237.3246, 2039.5403, 24.1250
231.4804, 2056.8342, 24.1250
227.0547, 2069.8633, 24.1250
222.0877, 2087.2356, 24.1250
222.0056, 2102.3447, 24.1250
226.7619, 2122.7834, 24.1250
232.8502, 2137.1216, 24.1250
244.1881, 2154.1731, 24.1250
254.9110, 2165.2996, 24.1250
269.5704, 2175.9360, 24.1250
287.6525, 2184.8120, 24.1250
302.2003, 2189.8892, 24.1250
320.2524, 2194.3577, 24.1250
334.7284, 2196.8669, 24.1250
352.7147, 2198.9846, 24.1250
367.1511, 2200.0859, 24.1250
386.2172, 2204.6741, 24.1250
399.9108, 2210.1296, 24.1250
416.5763, 2218.4612, 24.1250
430.3834, 2223.8242, 28.1250
448.5120, 2228.7488, 28.1250
463.3530, 2231.5188, 28.1250
478.1985, 2235.0525, 28.1250
495.9312, 2242.0549, 28.1250
509.1069, 2248.1621, 28.1250
527.0930, 2253.8689, 28.0766
546.3425, 2257.8845, 26.2914
561.4506, 2260.5713, 24.1970
577.3784, 2261.8565, 24.1970
597.6976, 2261.1885, 24.1970
612.4374, 2259.3870, 24.1970
631.7421, 2259.0747, 24.1970
645.8375, 2260.4231, 24.1970
664.0152, 2263.6182, 24.1970
677.2915, 2266.8230, 24.1970
696.4409, 2269.8965, 24.1970
710.8990, 2270.0095, 24.1970
730.4673, 2268.2539, 24.1970
744.3360, 2265.9609, 24.1970
758.9288, 2262.8101, 24.1970
776.4669, 2257.9641, 24.1970
791.1941, 2252.8774, 24.1970
807.9883, 2246.2310, 24.1970
820.3853, 2240.8840, 24.1970
836.6955, 2233.3562, 24.1970
849.6749, 2227.0757, 28.1250
865.9867, 2218.8860, 28.1250
877.9459, 2212.7422, 28.1250
894.4306, 2204.2024, 28.1250
906.3432, 2197.9734, 28.1250
925.2979, 2192.6626, 28.1250
939.8435, 2190.9280, 27.9672
959.2196, 2188.7441, 25.7900
974.9531, 2186.7986, 24.1489
993.5448, 2182.8467, 24.1489
1007.3728, 2178.7524, 24.1489
1021.8517, 2173.3191, 24.1489
1038.8102, 2165.3755, 24.1489
1052.6277, 2159.1870, 24.1489
1069.0591, 2150.1741, 24.1489
1080.6103, 2142.2351, 24.1489
1094.9200, 2130.7654, 24.1489
1105.8061, 2120.5444, 24.1489
1115.3425, 2104.0662, 24.1489
1121.0752, 2086.4145, 24.1489
1124.2511, 2072.6182, 24.1489
1128.7954, 2055.1768, 24.1489
1132.0085, 2042.0267, 24.1489
1135.1995, 2023.2107, 24.1489
1136.2546, 2009.2412, 24.1489
1136.0472, 1990.6910, 24.1489
1133.6291, 1976.3289, 24.1489
1124.6069, 1958.9628, 24.1489
1115.3469, 1946.7026, 24.1489
1104.9142, 1935.2224, 24.1489
1091.2649, 1922.6054, 24.1489
1078.9911, 1913.5709, 24.1489
1062.5963, 1904.1448, 24.1489
1045.7207, 1896.5519, 24.1489
1032.2216, 1891.5765, 24.1489
1017.5501, 1887.1398, 24.1489
999.7279, 1883.0140, 24.1489
986.0314, 1880.9228, 24.1489
967.6830, 1879.5889, 24.1489
953.0793, 1879.4493, 24.1489
934.7092, 1880.0756, 24.1489
920.9265, 1881.0182, 24.1489
901.8493, 1880.0839, 24.1489
887.6051, 1876.7052, 24.1489
869.6702, 1870.1616, 24.1489
856.1720, 1863.7970, 24.1489
839.9444, 1854.7153, 24.1489
828.1868, 1847.2965, 28.1250
810.5899, 1839.6586, 28.1250
795.8197, 1835.5642, 28.1250
776.8579, 1832.1844, 28.1250
763.0887, 1830.8817, 28.1250
744.6232, 1829.5995, 26.8438
730.2906, 1828.6185, 24.1250
711.7864, 1828.3635, 24.1250
697.4761, 1829.1035, 24.1250
679.1510, 1830.9427, 24.1250
665.7524, 1832.7952, 24.1250
647.3321, 1836.0496, 24.1250
634.0712, 1839.0071, 24.1250
616.6298, 1843.6781, 24.1250
602.4832, 1847.9603, 24.1250
585.4303, 1853.5914, 24.1250
572.7251, 1858.0233, 28.1250
555.2791, 1864.3892, 28.1250
542.6918, 1869.1130, 28.1250
525.6090, 1875.5132, 28.1250
511.8364, 1880.7318, 28.1250
494.8564, 1887.4255, 28.0674
482.3617, 1892.3904, 26.9338
465.6144, 1899.0520, 24.1289
453.1483, 1904.0835, 24.1289
436.5396, 1910.8218, 24.1289
422.8973, 1916.3626, 24.1289
405.5519, 1922.7770, 24.1289
391.2121, 1925.1846, 24.1289
372.5515, 1926.7786, 24.1289
358.7091, 1927.3472, 24.1289
340.2253, 1928.4574, 24.1289
325.3752, 1932.7690, 24.1289
310.4359, 1939.3481, 24.1289
293.7926, 1948.9968, 24.1289
280.7960, 1956.8970, 24.1289
264.3752, 1965.3883, 24.1289
252.3803, 1971.6186, 24.1289
236.8992, 1982.0129, 24.1289
228.5444, 1993.4352, 24.1289
221.5376, 2012.1818, 24.1289
218.1714, 2027.2424, 24.1289
215.7886, 2046.0389, 24.1289
214.7515, 2060.1616, 24.1289
210.8049, 2078.7559, 24.1289
207.5568, 2092.1631, 24.1289
203.9753, 2109.8826, 24.1289
203.0707, 2123.8599, 24.1289
206.5096, 2139.3975, 24.1289
216.2771, 2158.0632, 24.1289
227.1765, 2171.2690, 24.1289
241.2022, 2184.9026, 24.1289
251.5521, 2194.9607, 32.1250
265.8422, 2207.3630, 32.1250
277.2918, 2215.3799, 40.1250
293.8584, 2224.1704, 38.8438
306.8646, 2230.5776, 36.1982
324.9992, 2238.8643, 30.4370
340.2197, 2245.3201, 24.1250
359.0886, 2251.0266, 24.1250
372.0324, 2255.3394, 24.1250
388.9058, 2261.8005, 24.1250
402.5293, 2267.5481, 24.1250
420.9404, 2273.0898, 24.1250
435.4791, 2274.7776, 24.1250
454.6497, 2275.0698, 24.1250
468.5271, 2274.0610, 24.1250
486.6375, 2271.4697, 28.1250
501.2315, 2268.5369, 28.1250
519.0699, 2264.2168, 28.1250
532.3900, 2260.5815, 28.1250
550.0030, 2255.6226, 26.7976
563.5990, 2251.7947, 24.1250
581.2560, 2246.8499, 24.1250
595.9757, 2245.8423, 24.1250
615.3422, 2247.7639, 24.1250
629.4699, 2250.6011, 24.1250
647.1514, 2255.6099, 24.1250
661.2545, 2259.0810, 24.1250
680.7682, 2260.7917, 24.1250
694.7601, 2260.7361, 24.1250
710.8957, 2260.5750, 24.1250
729.9177, 2263.1277, 24.1250
744.9828, 2266.3845, 24.1250
764.1924, 2268.2717, 24.1250
779.8570, 2268.2334, 24.1250
798.4377, 2266.7681, 24.1250
811.9159, 2264.9644, 28.1250
829.9931, 2261.7859, 28.1250
843.5191, 2259.0098, 28.1250
861.3388, 2254.8518, 28.1250
874.3873, 2251.3340, 28.1250
892.3376, 2246.6987, 28.1250
907.5902, 2245.0674, 27.6850
927.6097, 2243.1589, 24.8918
942.8417, 2241.2507, 24.1250
957.8475, 2237.7727, 24.1250
975.9939, 2231.3269, 24.1250
989.9117, 2224.5823, 24.1250
1005.9385, 2214.4390, 24.1250
1017.8246, 2204.7720, 24.1250
1031.2739, 2190.8760, 24.1250
1040.1376, 2179.4634, 24.1250
1053.1704, 2165.3059, 24.1250
1064.4059, 2155.3174, 24.1250
1079.5402, 2143.8464, 24.1250
1090.8270, 2136.2444, 24.1250
1105.6620, 2124.2808, 24.1250
1115.5602, 2111.9622, 24.1250
1125.1335, 2093.5137, 24.1250
1130.3433, 2078.6257, 24.1250
1136.7540, 2061.2554, 24.1250
1136.8750, 2048.0398, 24.1250
1136.7640, 2029.7629, 24.1250
1134.9442, 2016.2413, 24.1250
1127.2582, 1998.3401, 24.1250
1119.2921, 1985.1639, 24.1250
1108.0361, 1969.9603, 24.1250
1099.6103, 1958.0461, 24.1250
1090.4373, 1941.6957, 24.1250
1084.0476, 1929.8551, 24.1250
1074.3818, 1914.5986, 24.1250
1062.5266, 1904.0369, 24.1250
1046.0122, 1893.3645, 24.1250
1033.2737, 1886.7633, 24.1250
1016.4913, 1877.9513, 24.1250
1004.4950, 1869.4518, 24.1250
990.3741, 1857.4628, 24.1250
979.2354, 1847.6809, 24.1250
961.7343, 1839.3969, 24.1250
946.5647, 1835.8986, 24.1250
927.7540, 1833.6173, 24.1250
913.9119, 1833.0577, 24.1250
895.3735, 1833.4897, 24.1250
881.8477, 1834.4552, 24.1250
863.9417, 1836.3613, 24.1250
849.3150, 1838.3219, 24.1250
831.2570, 1841.1525, 24.1250
817.6778, 1843.6363, 28.1250
799.7870, 1847.4235, 28.1250
786.6666, 1850.4324, 28.1250
769.2422, 1854.6848, 28.1250
755.9077, 1858.1067, 27.9672
738.2378, 1862.6666, 25.7258
724.8342, 1866.1431, 24.1447
707.4991, 1870.7043, 24.1447
693.2597, 1874.4517, 24.1447
675.9244, 1879.0147, 24.1447
662.9474, 1882.5561, 24.1447
645.4062, 1887.6982, 24.1447
630.9662, 1889.9019, 24.1447
611.9453, 1890.1227, 24.1447
596.8680, 1889.0344, 24.1447
578.6110, 1886.7194, 24.1447
565.2944, 1884.6766, 28.1250
547.5989, 1881.8258, 28.1250
533.6639, 1879.6937, 28.1250
519.0251, 1877.7596, 28.1250
500.8295, 1875.8084, 27.9292
486.1379, 1874.2900, 26.2322
467.2141, 1872.4499, 24.1250
453.6290, 1871.6992, 24.1250
434.8433, 1871.7001, 24.1250
421.2196, 1872.4409, 24.1250
402.7147, 1874.6578, 24.1250
389.1606, 1877.2826, 24.1250
371.0831, 1882.2595, 24.1250
357.8124, 1886.9351, 24.1250
344.2767, 1892.5548, 24.1250
327.6185, 1900.6472, 24.1250
314.5624, 1908.0465, 24.1250
299.0243, 1918.4020, 24.1250
287.1381, 1927.5266, 24.1250
273.3626, 1939.4717, 24.1250
263.3614, 1949.4576, 24.1250
251.1475, 1963.8259, 24.1250
242.8799, 1975.4028, 24.1250
233.1889, 1991.4460, 24.1250
226.8298, 2004.0814, 24.1250
220.0015, 2021.3634, 24.1250
215.7976, 2035.7564, 24.1250
212.1151, 2053.7998, 24.1250
210.1548, 2067.2898, 24.1250
208.2732, 2085.5791, 24.1250
207.2297, 2100.3276, 24.1250
206.3960, 2118.5920, 24.1250
205.9944, 2132.3650, 24.1250
210.0148, 2151.3144, 24.1250
217.2658, 2164.4236, 24.1250
231.1516, 2180.1311, 24.1250
243.2585, 2189.9294, 24.1250
260.7911, 2199.8406, 32.1250
274.1590, 2205.3779, 32.1250
292.3370, 2211.7659, 31.2540
305.7350, 2216.4697, 28.9444
321.0470, 2221.8457, 24.5542
339.1435, 2227.4661, 24.1250
354.0787, 2230.9419, 24.1250
371.9056, 2234.1050, 24.1250
385.6114, 2235.9983, 24.1250
403.8013, 2237.9968, 24.1250
417.2661, 2239.0828, 24.1250
435.2001, 2240.0701, 24.1250
450.1256, 2241.4453, 28.1250
468.7107, 2247.4990, 28.1250
482.8258, 2254.1138, 28.1250
496.0503, 2261.6406, 28.1250
513.1854, 2270.8355, 28.1250
527.8362, 2274.7478, 28.1250
547.2589, 2277.1548, 28.1250
563.3720, 2278.3169, 27.2270
583.6825, 2279.6592, 24.1250
598.1518, 2279.7290, 24.1250
617.1951, 2277.8999, 24.1250
631.5757, 2275.1116, 24.1250
645.8427, 2271.3232, 24.1250
663.4103, 2265.5064, 24.1250
678.5187, 2262.3042, 24.1250
697.4567, 2260.8123, 24.1250
712.3035, 2260.9324, 24.1250
731.3228, 2262.2231, 24.1250
745.0459, 2263.5361, 24.1250
762.8770, 2265.4983, 24.1250
776.2233, 2267.1431, 24.1250
794.6166, 2269.6516, 24.1250
808.6952, 2269.3721, 28.1250
828.3930, 2265.4463, 28.1250
842.4044, 2263.3189, 28.1250
860.3391, 2261.4509, 28.1250
873.7262, 2260.1616, 28.1250
888.7471, 2258.4155, 28.0674
907.2294, 2256.1226, 26.1640
922.3052, 2254.1685, 24.1250
940.7178, 2250.5762, 24.1250
954.6495, 2246.7861, 24.1250
971.9053, 2240.9255, 24.1250
984.5371, 2235.9749, 24.1250
1001.0605, 2228.8042, 24.1250
1014.7197, 2222.4089, 24.1250
1030.8319, 2214.5002, 24.1250
1043.1064, 2208.2537, 24.1250
1059.2499, 2199.6690, 32.1250
1071.0287, 2192.8594, 32.1250
1086.9963, 2183.0203, 30.8438
1100.8099, 2174.0962, 27.7766
1117.7946, 2161.6909, 24.3032
1128.8191, 2149.2322, 24.3032
1136.8750, 2131.2336, 24.3032
1136.8750, 2117.7891, 24.3032
1136.8750, 2099.5427, 24.3032
1136.8750, 2086.0981, 24.3032
1136.8750, 2068.1719, 24.3032
1136.8750, 2054.4067, 24.3032
1136.5485, 2036.3341, 24.3032
1135.3616, 2021.6890, 24.3032
1132.6617, 2003.5862, 24.3032
1129.4623, 1989.7527, 24.3032
1123.5110, 1972.0574, 24.3032
1116.1432, 1959.1178, 24.3032
1101.1896, 1946.4413, 24.3032
1087.9746, 1939.3463, 24.3032
1069.7042, 1932.2208, 24.3032
1056.0314, 1928.5070, 24.3032
1037.8471, 1925.1726, 24.3032
1022.9666, 1923.4581, 24.3032
1004.5908, 1922.2952, 24.3032
990.7630, 1921.9691, 24.3032
972.4749, 1922.0702, 24.3032
958.6987, 1922.4009, 24.3032
940.7762, 1923.0702, 24.3032
927.3469, 1923.7351, 24.3032
909.1349, 1924.8370, 24.3032
894.7001, 1925.5742, 24.3032
875.0983, 1922.1315, 28.1250
861.3002, 1918.0017, 28.1250
844.1538, 1911.4840, 28.1250
831.4305, 1905.8018, 28.1250
818.1259, 1899.2537, 28.1250
799.7706, 1893.7023, 28.1250
783.5735, 1891.3086, 28.1250
764.5786, 1889.6054, 27.2972
750.2485, 1888.3179, 24.9560
731.6130, 1887.0743, 24.1250
716.9564, 1884.5641, 24.1250
698.9452, 1879.7731, 24.1250
685.1354, 1875.1871, 24.1250
668.2307, 1869.2031, 24.1250
655.5633, 1864.7115, 24.1250
637.5659, 1860.1095, 24.1250
621.7526, 1860.0798, 24.1250
602.7449, 1862.4589, 24.1250
588.4690, 1865.6040, 24.1250
570.5908, 1870.8874, 28.1250
557.5419, 1875.3530, 28.1250
538.6147, 1879.0225, 28.1250
523.6495, 1880.4015, 28.1250
504.6583, 1880.6999, 28.1250
490.9663, 1880.5321, 27.4114
472.3844, 1880.3043, 24.1440
458.4350, 1879.8964, 24.1449
440.5065, 1878.9941, 24.1449
426.1274, 1878.0829, 24.1449
411.1265, 1876.9531, 24.1449
393.2558, 1875.5762, 24.1449
378.8424, 1874.6959, 24.1449
360.4951, 1877.9740, 24.1449
346.0668, 1885.1998, 24.1449
329.7125, 1897.5059, 24.1449
319.0710, 1908.4685, 24.1449
307.6134, 1924.6066, 24.1449
300.7163, 1937.8889, 24.1449
293.9637, 1955.7754, 24.1449
289.3696, 1973.9126, 24.1449
286.9145, 1988.1362, 24.1449
285.1670, 2002.6580, 24.1449
283.8792, 2021.0359, 24.1449
283.4520, 2034.8626, 24.1449
283.3945, 2053.4919, 24.1449
283.7400, 2067.3061, 24.1449
284.0892, 2085.9224, 24.1449
282.2035, 2100.4150, 24.1449
279.4491, 2115.3948, 24.1449
276.2819, 2133.5403, 24.1449
275.0994, 2148.6487, 24.1449
279.7592, 2166.1645, 24.1449
288.0682, 2177.3218, 24.1449
303.3842, 2190.1677, 24.1449
319.3341, 2200.3474, 24.1449
331.5797, 2206.8318, 24.1449
348.6521, 2214.4138, 24.1449
362.3696, 2218.7429, 24.1449
378.9301, 2221.7942, 24.1449
394.8722, 2223.2266, 24.1449
413.8514, 2223.4636, 24.1449
427.7681, 2222.8731, 28.1250
445.7374, 2221.3406, 28.1250
459.4488, 2219.7803, 28.1250
478.0811, 2220.0945, 28.1250
493.4929, 2223.6458, 28.1250
512.2027, 2229.2429, 27.2540
526.3173, 2233.4651, 24.8662
544.8878, 2237.9353, 24.1250
559.3593, 2240.0332, 24.1250
577.6082, 2241.4019, 24.1250
591.2000, 2241.6990, 24.1250
609.5471, 2241.3408, 24.1250
623.5336, 2241.3140, 24.1250
642.5025, 2245.1941, 24.1250
656.8996, 2249.7883, 24.1250
673.9525, 2256.7258, 24.1250
687.1282, 2263.0432, 24.1250
703.3120, 2271.7566, 24.1250
715.9911, 2277.6045, 24.1250
735.5768, 2282.0884, 24.1250
750.3948, 2283.5288, 24.1250
769.4026, 2283.1851, 24.1250
785.0043, 2281.2307, 24.1250
803.6782, 2277.2398, 28.1250
817.1843, 2273.3562, 28.1250
835.3800, 2268.2690, 28.1250
849.4581, 2266.0752, 28.1250
868.3633, 2262.6931, 28.1250
881.9453, 2258.7305, 28.1250
897.0599, 2253.5916, 27.5722
915.0150, 2247.4927, 24.5268
929.5344, 2242.7937, 24.1250
948.0114, 2238.6550, 24.1250
962.4218, 2236.3411, 24.1250
980.5230, 2233.9041, 24.1250
993.9262, 2230.7895, 24.1250
1011.5467, 2221.0271, 24.1250
1023.4720, 2211.6038, 24.1250
1037.0070, 2197.9377, 24.1250
1046.4268, 2185.8186, 24.1250
1055.0062, 2171.9412, 24.1250
1065.3940, 2156.2498, 24.1250
1074.3423, 2144.6328, 24.1250
1085.7473, 2130.7632, 24.1250
1094.3970, 2119.9658, 24.1250
1105.1553, 2105.4949, 24.1250
1113.2911, 2093.4534, 24.1250
1119.6627, 2075.2659, 24.1250
1122.4214, 2057.0002, 24.1250
1123.1555, 2042.9082, 24.1250
1122.4104, 2024.2219, 24.1250
1121.4352, 2010.6205, 24.1250
1120.3331, 1992.3878, 24.1250
1119.0210, 1978.8140, 24.1250
1114.5065, 1961.0443, 24.1250
1106.1539, 1947.7981, 24.1250
1093.1737, 1933.1857, 24.1250
1082.0304, 1922.9824, 24.1250
1067.2585, 1911.4764, 24.1250
1055.9960, 1903.7449, 24.1250
1038.9396, 1894.5914, 24.1250
1024.8234, 1889.2334, 24.1250
1006.8425, 1884.2755, 24.1250
993.3716, 1881.5756, 24.1250
975.0995, 1878.9181, 24.1250
960.3610, 1877.4130, 24.1250
942.4248, 1876.1215, 24.1250
928.9764, 1875.4712, 24.1250
911.0402, 1874.8693, 24.1250
896.5541, 1874.7736, 24.1250
878.4473, 1875.5206, 24.1250
864.9630, 1876.6399, 24.1250
846.7567, 1878.7111, 24.1250
832.1402, 1880.7511, 28.1250
816.9492, 1883.2101, 28.1250
799.2759, 1886.3965, 28.1250
785.1328, 1889.2229, 28.1250
767.5768, 1892.9119, 27.6516
754.0990, 1895.7548, 25.6938
736.5626, 1899.5188, 24.1250
722.8282, 1902.6472, 24.1250
705.0695, 1906.8373, 24.1250
691.3849, 1910.1962, 24.1250
674.0345, 1914.7119, 24.1250
661.0693, 1918.2696, 24.1250
643.5112, 1923.2235, 24.1250
629.0408, 1927.3313, 24.1250
611.4913, 1932.3124, 24.1250
598.2518, 1936.0669, 24.1250
579.3286, 1937.4763, 24.1250
564.7798, 1936.0137, 24.1250
546.3784, 1932.2566, 24.1250
532.7989, 1928.3485, 24.1250
515.6537, 1922.2800, 28.1250
501.9155, 1916.6758, 28.1250
485.2132, 1909.1614, 28.1250
472.4713, 1903.0973, 27.9314
459.4649, 1896.8866, 26.2956
442.5033, 1888.9740, 24.1250
428.9245, 1883.4879, 24.1250
410.4517, 1878.9165, 24.1250
395.8066, 1879.7440, 24.1250
376.3374, 1884.6744, 24.1250
362.0723, 1890.4354, 24.1250
344.9977, 1899.9501, 24.1250
333.1660, 1908.1971, 24.1250
318.4364, 1920.3177, 24.1250
306.9252, 1928.6370, 24.1250
291.3095, 1938.5875, 24.1250
279.7062, 1945.4575, 24.1250
264.2670, 1954.7153, 24.1250
252.0766, 1963.1820, 24.1250
237.8172, 1974.6314, 24.1250
227.9862, 1985.5813, 24.1250
219.5957, 2003.6489, 24.1250
215.3671, 2017.8566, 24.1250
212.2531, 2032.9258, 24.1250
210.1320, 2052.2056, 24.1250
210.4810, 2068.0102, 24.1250
213.2372, 2086.9629, 24.1250
217.0258, 2101.1858, 24.1250
224.1493, 2118.9519, 24.1250
231.5200, 2132.6355, 24.1250
242.1478, 2148.1453, 24.1250
254.5846, 2161.6492, 24.1250
266.6177, 2170.8953, 24.1250
284.6458, 2180.4514, 24.1250
298.1402, 2185.6145, 24.1250
316.1157, 2190.6365, 24.1250
329.5861, 2193.3760, 24.1250
347.5360, 2196.0371, 24.1250
361.9533, 2197.5566, 24.1250
379.8889, 2198.9016, 24.1250
393.9776, 2199.6233, 24.1250
412.1551, 2200.8872, 24.1250
426.3316, 2204.6628, 28.1250
444.3039, 2211.7102, 28.1250
457.3219, 2218.1482, 28.1250
474.6384, 2226.4341, 28.1250
488.4950, 2230.7068, 28.1250
507.1729, 2234.5701, 28.1250
521.9028, 2237.0435, 27.2992
540.2743, 2240.1231, 24.1250
554.4904, 2242.0896, 24.1250
573.1041, 2246.8752, 24.1250
587.4797, 2252.0644, 24.1250
604.1512, 2259.3157, 24.1250
617.8737, 2263.4336, 24.1250
637.3445, 2266.0991, 24.1250
651.6847, 2266.6841, 24.1250
670.0182, 2266.0933, 24.1250
685.1778, 2266.2715, 24.1250
700.3552, 2268.4844, 24.1250
718.3420, 2272.5596, 24.1250
737.2170, 2275.6521, 24.1250
751.8217, 2275.7576, 24.1250
770.6266, 2273.9080, 24.1250
785.5276, 2271.1538, 24.1250
804.4282, 2267.9470, 24.1250
818.7705, 2267.5459, 28.1250
834.5020, 2266.3611, 28.1250
853.2896, 2262.9666, 28.1250
867.9908, 2258.9509, 28.1250
887.2213, 2254.4824, 28.1250
901.2123, 2252.4260, 27.7388
920.1934, 2249.6331, 24.9784
934.7017, 2246.2668, 24.1389
953.4493, 2237.5493, 24.1389
966.7836, 2228.5466, 24.1389
981.5250, 2215.9204, 24.1389
991.6981, 2205.4929, 24.1389
1006.0063, 2192.3838, 24.1389
1017.6808, 2184.2109, 24.1389
1033.8276, 2174.7129, 24.1389
1045.5061, 2167.6807, 24.1389
1059.0868, 2153.5293, 24.1389
1067.9232, 2139.3970, 24.1389
1075.7221, 2120.5664, 24.1389
1080.3113, 2107.5632, 24.1389
1086.4683, 2090.6567, 24.1389
1090.7911, 2076.2163, 24.1389
1094.9249, 2058.1641, 24.1389
1097.4684, 2044.1957, 24.1389
1100.1421, 2026.0686, 24.1389
1101.1058, 2012.2019, 24.1389
1098.2572, 1996.9399, 24.1389
1091.4833, 1978.3063, 24.1389
1081.4770, 1961.0703, 24.1389
1072.0356, 1949.4717, 24.1389
1058.0316, 1935.7695, 24.1389
1048.3259, 1925.7123, 24.1389
1038.6002, 1915.0490, 24.1389
1026.0916, 1901.3025, 24.1389
1016.0090, 1890.9021, 24.1389
1000.7201, 1879.8438, 24.1389
986.7707, 1874.5303, 24.1389
968.0409, 1869.9974, 24.1389
949.5831, 1867.5487, 24.1389
935.5568, 1866.6776, 24.1389
917.4310, 1866.5253, 24.1389
903.9166, 1866.9670, 24.1389
885.6517, 1868.0999, 24.1389
872.2297, 1869.2280, 24.1389
856.9113, 1870.8091, 24.1389
838.7852, 1873.1581, 24.1389
824.3076, 1872.8889, 28.1250
805.2731, 1869.2562, 28.1250
790.9161, 1865.0541, 28.1250
771.2501, 1861.5772, 28.1250
757.1090, 1860.4519, 27.9672
738.2803, 1859.0549, 25.7900
723.7840, 1858.1552, 24.2310
705.0241, 1858.3448, 24.2310
691.4020, 1859.2839, 24.2310
673.4448, 1861.3540, 24.2310
659.1316, 1863.4818, 24.2310
641.4161, 1866.6255, 24.2310
627.2239, 1869.7332, 24.2310
609.0873, 1874.7673, 24.2310
595.5823, 1879.2836, 24.2310
578.4218, 1885.8149, 24.2310
565.9619, 1891.0013, 24.2310
546.9880, 1895.1696, 28.1250
532.6171, 1896.1647, 28.1250
514.0040, 1895.7137, 28.1250
500.3423, 1894.4081, 28.1250
481.7825, 1891.7411, 27.9292
468.3845, 1889.7252, 26.4596
450.0948, 1887.0497, 24.1409
436.1956, 1885.5693, 24.1409
417.7054, 1885.0424, 24.1409
402.3503, 1886.1896, 24.1409
383.5556, 1889.5216, 24.1409
370.0329, 1893.2438, 24.1409
355.2634, 1898.8009, 24.1409
338.1855, 1907.3684, 24.1409
325.5650, 1915.0129, 24.1409
310.3456, 1925.4955, 24.1409
298.5188, 1934.4298, 24.1409
284.2717, 1945.9263, 24.1409
275.2260, 1956.5486, 24.1409
266.0386, 1974.4137, 24.1409
261.0709, 1988.5439, 24.1409
256.4452, 2007.8900, 24.1409
252.5565, 2021.4635, 24.1409
246.9263, 2038.5662, 24.1409
242.4595, 2051.5840, 24.1409
238.6329, 2065.6296, 24.1409
239.1748, 2085.8281, 24.1409
242.6904, 2102.0596, 24.1409
249.2872, 2120.5515, 24.1409
255.7539, 2133.4607, 24.1409
265.6431, 2149.9724, 24.1409
272.0775, 2161.9114, 24.1409
280.6477, 2178.0723, 24.1409
287.9919, 2190.4158, 24.1409
298.0544, 2202.2134, 24.1409
315.0883, 2212.6953, 24.1409
332.9660, 2219.9834, 24.1409
346.3824, 2224.0469, 24.1409
364.4082, 2228.8911, 24.1409
377.7708, 2234.5071, 24.1409
391.5721, 2241.5237, 24.1409
407.5041, 2250.6965, 24.1409
423.9602, 2258.7854, 24.1409
438.9287, 2262.3923, 24.1409
454.7131, 2264.5181, 24.1409
473.1798, 2265.3848, 28.1250
487.3801, 2266.4653, 28.1250
506.0932, 2270.6514, 28.1250
520.3009, 2275.2346, 28.1250
537.2395, 2281.9792, 28.1250
551.8378, 2286.1899, 28.1250
570.9710, 2289.4819, 27.6516
586.3444, 2292.0430, 25.5658
605.3947, 2294.6558, 24.1250
623.3261, 2295.0535, 24.1250
637.6617, 2293.9426, 24.1250
656.8207, 2293.0613, 24.1250
671.0116, 2294.0962, 24.1250
689.2903, 2296.9648, 24.1250
702.6114, 2299.9477, 24.1250
720.0150, 2304.4880, 24.1250
734.2159, 2308.4190, 24.1250
751.7451, 2313.4761, 28.1250
764.9880, 2317.2424, 28.1250
782.6111, 2321.9873, 28.1250
795.6365, 2325.3164, 28.1250
810.2727, 2328.8608, 28.1250
827.8774, 2332.8435, 27.2972
845.8112, 2336.8189, 24.1250
859.5863, 2339.1614, 24.1250
878.2464, 2339.8843, 24.1250
891.8384, 2335.9109, 24.1250
908.8912, 2325.6345, 24.1250
921.0067, 2315.6406, 24.1250
934.1713, 2301.4956, 24.1250
943.2025, 2289.1309, 24.1250
952.7960, 2273.2256, 24.1250
959.0991, 2261.0447, 24.1250
966.5716, 2244.5395, 24.1250
972.0132, 2231.1257, 24.1250
978.4769, 2214.0303, 24.1250
986.4977, 2198.3130, 24.1250
996.3340, 2186.8196, 24.1250
1011.4414, 2173.8977, 24.1250
1023.5566, 2165.6953, 24.1250
1039.6178, 2156.3533, 24.1250
1051.3275, 2149.6125, 24.1250
1066.5966, 2139.5500, 24.1250
1078.5406, 2130.6421, 24.1250
1091.8492, 2117.6897, 24.1250
1099.1440, 2104.9324, 24.1250
1105.0680, 2089.2881, 24.1250
1107.0713, 2068.6094, 24.1250
1103.2288, 2051.9092, 24.1250
1094.2834, 2032.9770, 24.1250
1086.5323, 2020.6566, 24.1250
1075.0640, 2005.8336, 24.1250
1065.1813, 1994.8663, 24.1250
1052.0225, 1981.8814, 24.1250
1041.7092, 1972.5757, 24.1250
1027.4406, 1960.4499, 24.1250
1017.3958, 1949.7561, 24.1250
1005.8990, 1935.3413, 24.1250
997.3194, 1923.1328, 24.1250
987.5767, 1907.9835, 24.1250
980.5254, 1896.5245, 24.1250
970.9231, 1880.9912, 24.1250
963.1384, 1869.4064, 24.1250
949.0791, 1857.4258, 24.1250
934.4366, 1851.3679, 24.1250
914.8186, 1846.9149, 24.1250
899.9737, 1845.5404, 24.1250
880.9349, 1845.9812, 24.1250
865.9572, 1847.9658, 24.1250
846.3875, 1850.8365, 24.1250
831.7465, 1851.2139, 24.1250
813.1608, 1849.9779, 28.1250
799.2341, 1848.0637, 28.1250
781.1317, 1844.5215, 28.1250
767.8370, 1841.5870, 28.1250
748.7255, 1839.5502, 27.2972
733.4835, 1838.3513, 24.9524
713.3015, 1838.2870, 24.1250
698.1561, 1839.9967, 24.1250
679.5775, 1843.9138, 24.1250
666.1810, 1848.0222, 24.1250
648.4918, 1854.8903, 24.1250
634.4550, 1858.7133, 24.1250
615.6394, 1861.8881, 24.1250
600.2968, 1863.2332, 24.1250
581.7429, 1863.9976, 24.1250
567.4066, 1866.8404, 28.1250
549.2171, 1873.0064, 28.1250
536.1565, 1878.8361, 28.1250
518.4498, 1886.4338, 28.1250
504.6136, 1890.2605, 28.1250
486.3101, 1893.7446, 27.9292
471.6191, 1896.3529, 26.2934
453.0391, 1899.4562, 24.1250
439.4691, 1900.9594, 24.1250
421.2076, 1902.3336, 24.1250
407.7922, 1903.1792, 24.1250
389.5721, 1904.5024, 24.1250
375.8022, 1905.8694, 24.1250
357.4636, 1908.7218, 24.1250
343.0283, 1912.1511, 24.1250
325.2475, 1918.2679, 24.1250
312.3446, 1924.4941, 24.1250
296.0859, 1934.1940, 24.1250
284.5758, 1942.2316, 24.1250
270.2801, 1953.3611, 24.1250
259.2103, 1962.7029, 24.1250
245.5819, 1974.9108, 24.1250
235.7208, 1984.1790, 24.1250
222.7403, 1998.4253, 24.1250
214.3651, 2009.8888, 24.1250
204.8795, 2026.9042, 24.1250
199.0132, 2042.1174, 24.1250
195.1253, 2061.3599, 24.1250
195.6550, 2075.3525, 24.1250
198.2745, 2090.5115, 24.1250
207.7816, 2107.5625, 24.1250
217.9131, 2119.6348, 24.1250
232.0619, 2133.2022, 24.1250
243.2693, 2141.8757, 24.1250
259.2918, 2151.7952, 24.1250
272.6941, 2158.4307, 24.1250
289.9561, 2165.4456, 24.1250
302.8795, 2169.8403, 24.1250
320.2871, 2174.8201, 24.1250
337.8445, 2178.9827, 24.1250
351.0864, 2181.6269, 24.1250
369.1039, 2184.7400, 24.1250
383.3990, 2187.7715, 24.1250
397.7031, 2194.1658, 24.1250
414.2833, 2204.1811, 28.1250
425.5080, 2212.3704, 28.1250
440.2170, 2223.6726, 28.1250
454.3393, 2230.9297, 28.1250
472.9311, 2237.7422, 28.1250
486.5240, 2241.2532, 28.1250
505.1707, 2244.3250, 28.1250
518.9437, 2245.5542, 28.0766
537.3624, 2247.0049, 26.2914
552.3387, 2248.0945, 24.1250
572.0579, 2248.1465, 24.1250
585.6783, 2247.3733, 24.1250
604.8314, 2248.7324, 24.1250
618.7200, 2251.3081, 24.1250
636.5811, 2256.1206, 24.1250
649.5618, 2260.5493, 24.1250
666.6913, 2267.3928, 24.1250
680.1061, 2273.1414, 24.1250
699.4835, 2277.4204, 24.1250
714.0765, 2278.7776, 24.1250
732.9386, 2278.6152, 24.1250
746.9337, 2277.1208, 24.1250
765.3903, 2273.0928, 24.1250
779.6992, 2268.4067, 24.1250
796.9970, 2261.1050, 24.1250
811.0115, 2256.3833, 24.1250
829.7601, 2252.3186, 28.1250
843.4508, 2250.4702, 28.1250
862.8771, 2249.0999, 28.1250
876.4113, 2248.7961, 28.1250
891.1960, 2248.8555, 28.1250
909.8134, 2249.2029, 27.2782
924.2584, 2249.4727, 24.7874
943.0881, 2247.6724, 24.1250
958.2104, 2243.3125, 24.1250
976.4175, 2235.5999, 24.1250
988.8798, 2228.3821, 24.1250
1004.7318, 2218.4338, 24.1250
1016.9730, 2211.7800, 24.1250
1032.9197, 2203.5583, 24.1250
1048.7401, 2195.0574, 24.1250
1060.4825, 2188.4839, 24.1250
1073.6632, 2180.5046, 24.1250
1087.0150, 2166.7014, 24.1250
1095.8922, 2153.9580, 24.1250
1105.0520, 2137.6431, 24.1250
1110.7069, 2124.0185, 24.1250
1115.7349, 2105.0005, 24.1250
1117.6431, 2090.2246, 24.1250
1119.0920, 2071.2239, 24.1250
1120.4952, 2057.8052, 24.1250
1120.6545, 2039.5295, 24.1250
1116.3862, 2025.5671, 24.1250
1106.8916, 2008.2828, 24.1250
1098.5465, 1996.3414, 24.1250
1086.5006, 1981.8723, 24.1250
1076.3990, 1971.2673, 24.1250
1065.4969, 1960.9657, 24.1250
1050.1461, 1949.3715, 24.1250
1034.0789, 1939.8691, 24.1250
1021.7492, 1933.7658, 24.1250
1004.6865, 1926.5269, 24.1250
991.8309, 1921.9193, 24.1250
977.4094, 1917.6613, 24.1250
959.0160, 1913.8256, 24.1250
944.0110, 1911.9510, 24.1250
925.5192, 1910.7693, 24.1250
911.2538, 1910.6202, 24.1250
892.8763, 1911.3444, 24.1250
879.4078, 1912.3120, 24.1250
861.5264, 1914.0864, 28.1250
846.8856, 1915.8272, 28.1250
829.0743, 1918.2991, 28.1250
815.6742, 1920.7351, 28.1250
797.2161, 1925.0172, 27.6214
783.5421, 1928.2421, 25.6242
765.6275, 1932.5904, 24.1250
752.2906, 1936.0598, 24.1250
734.9973, 1940.8098, 24.1250
722.0628, 1944.4686, 24.1250
704.8208, 1949.3567, 24.1250
690.6579, 1953.3733, 24.1250
673.1083, 1958.3541, 24.1250
659.8632, 1961.4681, 24.1250
640.0170, 1961.2699, 24.1250
625.8008, 1959.2832, 24.1250
607.7012, 1955.0604, 24.1250
592.8029, 1951.2550, 24.1250
573.5652, 1949.3984, 24.1250
559.2164, 1949.4020, 24.1250
540.1456, 1950.6071, 24.1250
525.4504, 1950.0137, 24.1250
507.1511, 1947.7474, 24.1250
493.8134, 1945.4249, 28.1250
475.8682, 1942.1002, 28.1250
461.6410, 1939.7010, 28.1250
443.8986, 1937.0123, 28.0766
430.5142, 1935.0376, 26.9850
412.4203, 1932.4355, 24.2250
397.6182, 1930.8013, 24.2250
379.1588, 1929.7820, 24.2250
365.5376, 1929.7502, 24.2250
347.4228, 1931.0068, 24.2250
334.3596, 1936.0623, 24.2250
319.0352, 1948.9840, 24.2250
309.7689, 1961.0064, 24.2250
299.9236, 1978.5522, 24.2250
294.2002, 1993.0590, 24.2250
289.3268, 2011.8667, 24.2250
287.1589, 2026.0814, 24.2250
285.9460, 2040.8379, 24.2250
285.6810, 2059.4258, 24.2250
286.3270, 2074.0215, 24.2250
288.0840, 2092.6174, 24.2250
287.6816, 2108.4331, 24.2250
285.5985, 2126.8027, 24.2250
283.4481, 2140.4570, 24.2250
282.2181, 2158.9009, 24.2250
285.9183, 2173.5991, 24.2250
296.2196, 2191.4185, 24.2250
306.9658, 2203.3491, 24.2250
323.2346, 2215.9646, 24.2250
337.3949, 2223.8899, 24.2250
351.3712, 2230.0125, 24.2250
369.2051, 2236.0488, 24.2250
383.3598, 2239.8235, 24.2250
401.3576, 2243.7039, 24.2250
419.0941, 2246.8232, 24.2250
433.3130, 2248.6943, 24.2250
447.3486, 2249.6638, 24.2250
465.4801, 2249.9241, 28.1250
479.9635, 2249.5151, 28.1250
497.9106, 2248.4590, 28.1250
515.7992, 2246.9858, 28.1250
529.2024, 2245.7654, 27.7388
544.5269, 2244.3716, 25.5976
562.4328, 2242.6011, 24.1250
575.8319, 2240.9204, 24.1250
593.5911, 2238.2122, 24.1250
608.1231, 2235.7380, 24.1250
625.7620, 2232.4956, 24.1250
638.9542, 2229.9001, 24.1250
656.8364, 2226.2822, 24.1250
670.3265, 2223.5552, 24.1250
688.2085, 2219.9397, 24.1250
701.6986, 2217.2131, 24.1250
719.5806, 2213.5977, 24.1250
732.8788, 2211.1577, 24.1250
752.2352, 2212.0684, 24.1250
767.7172, 2215.0640, 24.1250
785.5200, 2220.1482, 24.1250
799.2411, 2223.7502, 24.1250
818.8695, 2225.2334, 24.1250
834.4120, 2224.7078, 24.1250
853.1682, 2222.3137, 28.1250
866.6350, 2219.5642, 28.1250
884.7061, 2215.0415, 28.1250
899.3951, 2213.3335, 28.1250
917.9628, 2212.8828, 28.1250
932.8358, 2213.3801, 28.0674
951.1898, 2214.1213, 26.1620
965.1354, 2214.6231, 24.1250
983.3685, 2214.2744, 24.1250
997.2317, 2213.2725, 24.1250
1015.2264, 2207.6472, 24.1250
1028.0663, 2200.0452, 24.1250
1043.5599, 2188.3227, 24.1250
1054.6244, 2178.2100, 24.1250
1065.3644, 2165.6326, 24.1250
1076.1840, 2148.4675, 24.1250
1082.4799, 2135.2041, 24.1250
1088.6942, 2116.3335, 24.1250
1091.5792, 2102.3835, 24.1250
1095.3632, 2083.5300, 24.1250
1098.9156, 2070.1113, 24.1250
1103.4825, 2052.3462, 24.1250
1106.0587, 2038.7098, 24.1250
1105.0742, 2020.4740, 24.1250
1098.8918, 2006.5077, 24.1250
1087.2489, 1990.2010, 24.1250
1077.5973, 1979.3473, 24.1250
1063.9770, 1966.4093, 24.1250
1053.4883, 1957.6707, 24.1250
1038.7717, 1946.5883, 24.1250
1027.1929, 1938.9952, 24.1250
1011.1243, 1930.0904, 24.1250
997.9543, 1923.7809, 24.1250
981.3141, 1916.7180, 24.1250
967.6928, 1911.6554, 24.1250
950.4108, 1906.1576, 24.1250
936.8797, 1902.6232, 24.1250
918.4703, 1899.2158, 24.1250
904.5389, 1897.5870, 24.1250
886.3096, 1896.5367, 24.1250
871.6736, 1896.6265, 24.1250
853.5692, 1897.6947, 28.1250
840.0659, 1899.1642, 28.1250
821.9197, 1901.8220, 28.1250
808.3255, 1904.2002, 28.1250
790.7037, 1907.6190, 28.0766
776.2409, 1910.4757, 26.7996
758.6366, 1913.9664, 24.1250
744.5197, 1916.9589, 24.1250
727.0341, 1921.0034, 24.1250
713.6595, 1924.2902, 24.1250
696.3044, 1928.8265, 24.1250
683.0312, 1932.4910, 24.1250
665.1805, 1937.5902, 24.1250
652.2599, 1941.2991, 24.1250
634.7227, 1946.3157, 24.1250
621.7869, 1949.9785, 24.1250
604.4813, 1954.6584, 24.1250
589.6230, 1958.5679, 24.1250
575.3633, 1962.2288, 24.1250
557.3392, 1965.1687, 24.1250
541.2649, 1963.8156, 24.1250
522.6180, 1959.9499, 24.1250
509.0270, 1956.0182, 24.1250
491.9512, 1950.2854, 28.1250
478.2158, 1945.8481, 28.1250
458.4318, 1945.1758, 28.1250
443.5609, 1947.5555, 28.1250
424.6816, 1950.0821, 27.6516
410.4486, 1951.9313, 25.6974
392.3115, 1954.1758, 24.1250
378.6121, 1956.4663, 24.1250
360.9504, 1964.8262, 24.1250
348.7256, 1973.8263, 24.1250
334.4222, 1987.8603, 24.1250
323.5735, 1998.5452, 24.1250
309.3932, 2010.3138, 24.1250
298.2646, 2018.6238, 24.1250
283.6093, 2029.0006, 24.1250
271.8315, 2037.2946, 24.1250
257.5307, 2048.8643, 24.1250
249.4790, 2061.2214, 24.1250
244.1443, 2080.3872, 24.1250
243.7975, 2096.5820, 24.1250
248.0626, 2117.4958, 24.1250
255.3034, 2132.6462, 24.1250
267.3614, 2149.5205, 24.1250
277.9774, 2161.0208, 24.1250
292.2850, 2173.6750, 24.1250
303.8048, 2182.3870, 24.1250
319.1820, 2192.6638, 24.1250
330.7765, 2199.6758, 24.1250
347.0481, 2208.1819, 24.1250
360.3420, 2213.8479, 24.1250
377.5525, 2219.8706, 24.1250
390.6411, 2223.6450, 24.1250
405.8055, 2227.1926, 24.1250
423.6460, 2230.3689, 24.1250
438.3256, 2232.3420, 28.1250
456.2217, 2234.1870, 28.1250
470.6075, 2235.3115, 28.1250
488.5381, 2236.3660, 28.1250
502.9988, 2236.7922, 28.1250
521.3209, 2236.9214, 27.6516
535.1442, 2237.0056, 25.6938
553.4701, 2236.9851, 24.1250
566.9359, 2236.6443, 24.1250
585.5073, 2235.8686, 24.1250
598.9438, 2235.1311, 24.1250
617.1534, 2233.8833, 24.1250
630.8736, 2232.7583, 24.1250
649.0529, 2230.9602, 24.1250
662.7366, 2229.3076, 24.1250
680.5114, 2226.9006, 24.1250
694.7608, 2224.7783, 24.1250
712.4618, 2221.9617, 24.1250
726.0446, 2219.7366, 24.1250
743.7091, 2216.5930, 24.1250
757.2401, 2213.9878, 24.1250
775.1154, 2210.2881, 24.1250
789.1810, 2207.1770, 24.1250
807.2565, 2202.9360, 24.1250
820.3127, 2199.6799, 24.1250
837.6534, 2195.0344, 24.1250
850.5976, 2191.3616, 24.1250
867.7759, 2186.2246, 24.1250
881.5281, 2181.9424, 24.1250
898.9434, 2176.5064, 28.1250
911.7762, 2172.5024, 28.1250
928.8865, 2167.1667, 28.1250
943.2637, 2162.7007, 27.6064
960.7057, 2157.2861, 24.6240
973.8621, 2153.2349, 24.1250
991.3060, 2147.8977, 24.1250
1004.8697, 2147.1250, 24.1250
1025.3148, 2147.1252, 24.1250
1040.0421, 2147.1250, 24.1250
1059.1720, 2146.8389, 24.1250
1073.4686, 2145.4153, 24.1250
1091.5486, 2142.2542, 24.1250
1106.3765, 2138.7607, 24.1250
1122.9323, 2130.1182, 24.1250
1134.6348, 2119.8787, 24.1250
1136.8750, 2107.1096, 24.1250
1136.5742, 2089.0930, 24.1250
1135.3806, 2074.0510, 24.1250
1132.2692, 2057.6995, 24.1250
1124.7541, 2037.5973, 24.1250
1117.4003, 2024.4574, 24.1250
1106.5732, 2009.0158, 24.1250
1097.7517, 1998.3716, 24.1250
1085.0929, 1984.8438, 24.1250
1074.9133, 1974.9465, 24.1250
1061.3595, 1962.6162, 24.1250
1050.5442, 1953.6429, 24.1250
1038.0922, 1944.9052, 24.1250
1021.8947, 1935.1274, 24.1250
1009.0166, 1928.2889, 24.1250
992.7370, 1920.5244, 24.1250
980.1003, 1914.9565, 24.1250
963.4511, 1908.1367, 24.1250
949.5187, 1903.0164, 24.1250
931.8481, 1897.5392, 24.1250
918.5118, 1894.3663, 24.1250
900.3622, 1891.0729, 24.1250
886.3344, 1889.1194, 24.1250
867.8270, 1887.0811, 24.1250
854.4156, 1885.8949, 24.1250
836.4723, 1884.6719, 28.1250
822.6617, 1884.1157, 28.1250
807.5838, 1883.8709, 28.1250
789.6361, 1883.8865, 28.1250
774.9044, 1884.0956, 28.1250
756.9769, 1884.4858, 27.2972
739.0006, 1884.8801, 24.1250
725.1949, 1885.3929, 24.1250
710.7916, 1886.2711, 24.1250
692.9514, 1887.6385, 24.1250
682.7938, 1888.4219, 24.1250
673.0478, 1889.2053, 24.1250
667.5369, 1889.6285, 24.1250
662.2646, 1889.9830, 24.1250
659.4439, 1890.1962, 24.1250
